student_id,course_id,grade
S0001,C07,8.85
S0001,C08,8.15
S0001,C05,7.34
S0001,C16,8.6
S0001,C12,5.98
S0001,C14,6.75
S0001,C06,6.87
S0001,C18,6.44
S0001,C02,6.98
S0002,C04,6.73
S0002,C09,8.25
S0002,C17,6.8
S0002,C03,5.29
S0002,C07,7.39
S0002,C12,8.17
S0002,C14,7.24
S0003,C12,9.09
S0003,C19,9.41
S0003,C14,10.0
S0003,C20,9.44
S0003,C02,10.0
S0003,C08,8.87
S0003,C03,10.0
S0003,C15,10.0
S0004,C18,5.39
S0004,C05,7.18
S0004,C20,8.35
S0004,C04,8.26
S0004,C16,8.1
S0004,C19,6.96
S0005,C09,5.14
S0005,C15,8.23
S0005,C03,7.99
S0005,C19,5.39
S0005,C04,6.74
S0005,C05,5.63
S0005,C07,6.94
S0005,C14,8.02
S0006,C10,5.93
S0006,C13,8.21
S0006,C18,8.94
S0006,C19,6.85
S0006,C16,8.0
S0006,C12,8.42
S0006,C09,9.18
S0006,C07,9.47
S0006,C05,7.62
S0007,C09,10.0
S0007,C01,8.65
S0007,C06,10.0
S0007,C16,10.0
S0007,C10,8.92
S0007,C13,8.32
S0007,C12,9.36
S0008,C07,8.16
S0008,C15,9.53
S0008,C14,8.01
S0008,C12,9.39
S0008,C03,10.0
S0009,C15,8.19
S0009,C12,7.95
S0009,C03,8.58
S0009,C05,9.06
S0009,C16,9.73
S0009,C08,10.0
S0010,C05,7.01
S0010,C01,8.23
S0010,C09,5.69
S0010,C03,5.0
S0010,C15,5.01
S0011,C11,6.95
S0011,C15,9.64
S0011,C01,7.58
S0011,C17,8.29
S0011,C12,9.17
S0011,C10,7.97
S0011,C09,9.01
S0011,C06,9.95
S0011,C02,6.22
S0012,C01,9.05
S0012,C19,9.67
S0012,C08,9.4
S0012,C14,10.0
S0012,C03,9.82
S0012,C15,10.0
S0012,C07,10.0
S0012,C06,10.0
S0013,C11,5.16
S0013,C20,7.75
S0013,C18,6.4
S0013,C03,6.72
S0013,C10,6.61
S0013,C17,5.0
S0014,C06,9.14
S0014,C07,9.99
S0014,C02,6.98
S0014,C18,8.09
S0014,C11,5.44
S0014,C15,8.3
S0014,C19,9.56
S0015,C16,10.0
S0015,C07,10.0
S0015,C18,8.91
S0015,C08,6.93
S0015,C03,7.85
S0015,C01,9.89
S0015,C10,7.27
S0015,C17,10.0
S0016,C17,8.85
S0016,C04,10.0
S0016,C03,10.0
S0016,C11,8.64
S0016,C20,9.9
S0016,C09,10.0
S0016,C06,10.0
S0016,C19,9.89
S0017,C11,8.89
S0017,C03,8.16
S0017,C04,9.71
S0017,C15,9.18
S0017,C17,8.38
S0017,C07,9.26
S0017,C08,9.28
S0018,C06,8.12
S0018,C19,10.0
S0018,C14,9.52
S0018,C02,7.82
S0018,C04,10.0
S0019,C01,7.65
S0019,C14,7.78
S0019,C19,9.12
S0019,C17,7.89
S0019,C03,7.72
S0019,C20,6.64
S0019,C04,5.61
S0020,C12,9.0
S0020,C09,5.41
S0020,C10,6.53
S0020,C17,7.8
S0020,C01,6.86
S0020,C07,5.89
S0020,C18,5.57
S0020,C06,5.9
S0021,C16,10.0
S0021,C03,8.65
S0021,C15,10.0
S0021,C02,7.81
S0021,C17,9.36
S0021,C19,9.33
S0021,C09,10.0
S0021,C05,9.76
S0022,C06,10.0
S0022,C17,9.61
S0022,C20,7.86
S0022,C11,10.0
S0022,C08,8.7
S0022,C09,10.0
S0023,C13,7.79
S0023,C15,7.71
S0023,C16,10.0
S0023,C17,7.9
S0023,C19,8.12
S0023,C05,9.32
S0024,C15,10.0
S0024,C11,9.31
S0024,C01,10.0
S0024,C19,10.0
S0024,C07,8.89
S0024,C04,8.58
S0024,C14,10.0
S0024,C09,8.66
S0025,C11,7.64
S0025,C09,7.32
S0025,C02,7.16
S0025,C10,7.99
S0025,C01,7.9
S0026,C19,6.96
S0026,C18,8.32
S0026,C15,8.96
S0026,C08,6.98
S0026,C20,10.0
S0026,C03,10.0
S0026,C10,7.54
S0026,C05,5.04
S0026,C09,8.4
S0027,C08,7.7
S0027,C01,8.27
S0027,C12,10.0
S0027,C15,10.0
S0027,C18,7.39
S0027,C17,8.47
S0027,C13,9.92
S0027,C11,8.19
S0027,C19,9.34
S0028,C08,7.56
S0028,C09,8.19
S0028,C05,7.69
S0028,C01,7.84
S0028,C10,7.88
S0028,C03,7.54
S0028,C07,8.55
S0028,C16,7.62
S0028,C11,8.27
S0029,C01,8.78
S0029,C13,8.28
S0029,C12,8.46
S0029,C15,8.9
S0029,C09,10.0
S0030,C15,7.24
S0030,C20,8.98
S0030,C08,9.59
S0030,C06,9.53
S0030,C03,10.0
S0030,C18,10.0
S0031,C19,10.0
S0031,C03,8.74
S0031,C07,9.43
S0031,C12,10.0
S0031,C17,9.5
S0031,C05,7.29
S0031,C04,9.82
S0031,C02,9.19
S0031,C16,10.0
S0032,C14,6.56
S0032,C06,5.71
S0032,C02,5.36
S0032,C16,7.37
S0032,C04,7.85
S0032,C18,7.24
S0032,C20,6.25
S0032,C10,7.97
S0032,C15,5.98
S0033,C05,6.85
S0033,C12,8.45
S0033,C14,6.57
S0033,C10,7.57
S0033,C07,6.81
S0033,C20,5.81
S0034,C17,6.25
S0034,C05,5.19
S0034,C14,5.78
S0034,C12,7.29
S0034,C04,6.33
S0034,C06,5.0
S0035,C10,9.21
S0035,C02,8.21
S0035,C18,7.69
S0035,C20,7.85
S0035,C04,6.92
S0036,C18,5.0
S0036,C02,6.52
S0036,C06,6.0
S0036,C11,6.28
S0036,C16,5.0
S0036,C19,6.61
S0036,C14,6.37
S0036,C04,5.19
S0036,C20,6.67
S0037,C18,8.89
S0037,C11,6.08
S0037,C17,6.65
S0037,C16,8.0
S0037,C07,7.72
S0038,C20,7.83
S0038,C16,8.47
S0038,C02,8.82
S0038,C15,10.0
S0038,C08,7.37
S0038,C03,8.4
S0038,C19,7.78
S0038,C05,8.8
S0038,C18,7.29
S0039,C08,5.41
S0039,C05,8.28
S0039,C18,7.65
S0039,C15,7.01
S0039,C09,6.2
S0039,C14,5.47
S0039,C10,6.06
S0040,C09,9.04
S0040,C04,6.55
S0040,C15,6.14
S0040,C12,8.64
S0040,C07,7.85
S0041,C16,5.1
S0041,C15,5.96
S0041,C14,5.0
S0041,C05,5.0
S0041,C17,5.0
S0041,C11,5.0
S0041,C13,5.67
S0041,C10,5.86
S0042,C12,5.0
S0042,C16,5.0
S0042,C15,5.98
S0042,C14,5.0
S0042,C03,5.48
S0043,C03,7.75
S0043,C20,9.29
S0043,C14,8.74
S0043,C16,8.28
S0043,C13,9.2
S0043,C15,8.04
S0043,C08,7.19
S0044,C20,5.0
S0044,C01,7.76
S0044,C12,7.93
S0044,C09,7.87
S0044,C15,7.6
S0044,C14,7.61
S0044,C04,5.83
S0044,C11,8.26
S0044,C18,9.38
S0045,C17,7.02
S0045,C15,5.11
S0045,C18,6.13
S0045,C05,6.38
S0045,C09,5.91
S0046,C01,7.64
S0046,C07,7.33
S0046,C13,7.18
S0046,C17,8.7
S0046,C19,9.97
S0047,C10,9.06
S0047,C15,8.66
S0047,C19,9.59
S0047,C02,8.88
S0047,C17,9.58
S0047,C16,10.0
S0047,C08,9.07
S0048,C01,6.62
S0048,C08,5.78
S0048,C07,6.32
S0048,C04,5.62
S0048,C14,7.94
S0048,C15,6.91
S0049,C07,8.58
S0049,C09,7.1
S0049,C08,7.89
S0049,C10,7.52
S0049,C20,8.77
S0049,C02,9.54
S0049,C13,8.52
S0050,C19,6.24
S0050,C18,5.12
S0050,C11,5.85
S0050,C05,5.0
S0050,C08,5.13
S0051,C18,7.26
S0051,C19,8.32
S0051,C13,5.83
S0051,C05,7.49
S0051,C04,5.0
S0051,C01,8.35
S0051,C12,5.88
S0052,C07,7.38
S0052,C19,6.46
S0052,C02,6.39
S0052,C12,8.9
S0052,C06,7.77
S0052,C16,7.1
S0052,C13,5.97
S0052,C15,8.51
S0053,C06,7.02
S0053,C07,8.05
S0053,C10,5.87
S0053,C11,8.21
S0053,C14,9.07
S0053,C08,8.56
S0053,C02,9.65
S0053,C15,9.31
S0053,C17,10.0
S0054,C05,8.08
S0054,C09,8.01
S0054,C10,8.75
S0054,C17,5.98
S0054,C15,8.97
S0054,C01,7.12
S0054,C18,9.64
S0054,C14,7.95
S0055,C19,9.46
S0055,C12,8.05
S0055,C09,10.0
S0055,C03,9.05
S0055,C02,9.67
S0055,C10,8.72
S0055,C18,8.19
S0055,C05,9.7
S0055,C07,9.34
S0056,C11,9.99
S0056,C19,9.5
S0056,C06,10.0
S0056,C09,10.0
S0056,C07,10.0
S0056,C04,10.0
S0056,C02,10.0
S0057,C13,8.79
S0057,C18,9.34
S0057,C04,7.96
S0057,C06,8.22
S0057,C11,8.64
S0057,C05,6.84
S0057,C20,5.88
S0057,C15,6.93
S0058,C12,7.73
S0058,C11,6.74
S0058,C01,5.2
S0058,C20,8.07
S0058,C04,6.68
S0059,C12,7.82
S0059,C13,9.21
S0059,C20,7.86
S0059,C03,10.0
S0059,C05,8.48
S0059,C14,9.11
S0059,C02,9.19
S0059,C07,9.09
S0060,C16,7.55
S0060,C11,5.0
S0060,C15,5.45
S0060,C09,7.31
S0060,C07,6.17
S0060,C19,7.4
S0060,C10,6.3
S0060,C14,5.0
S0061,C03,5.74
S0061,C17,8.83
S0061,C02,7.69
S0061,C07,6.39
S0061,C10,6.65
S0061,C14,6.4
S0061,C08,7.57
S0062,C16,5.0
S0062,C09,5.19
S0062,C06,5.2
S0062,C13,7.83
S0062,C05,5.7
S0063,C09,5.58
S0063,C03,5.51
S0063,C20,5.1
S0063,C10,7.26
S0063,C08,5.08
S0063,C01,5.0
S0063,C16,6.39
S0063,C18,5.22
S0063,C07,5.0
S0064,C12,10.0
S0064,C09,6.87
S0064,C08,10.0
S0064,C06,10.0
S0064,C10,10.0
S0064,C01,10.0
S0064,C13,10.0
S0065,C07,10.0
S0065,C05,9.54
S0065,C04,10.0
S0065,C06,9.98
S0065,C20,9.93
S0065,C01,10.0
S0066,C17,9.19
S0066,C07,8.51
S0066,C16,10.0
S0066,C01,8.02
S0066,C05,8.26
S0066,C13,10.0
S0066,C12,8.48
S0066,C10,8.3
S0067,C16,8.12
S0067,C04,8.52
S0067,C18,6.56
S0067,C20,8.64
S0067,C10,6.19
S0067,C01,6.9
S0068,C03,6.96
S0068,C01,5.24
S0068,C10,5.89
S0068,C15,6.83
S0068,C09,5.84
S0068,C13,5.01
S0068,C12,7.0
S0068,C02,5.6
S0069,C10,5.0
S0069,C20,6.52
S0069,C07,6.89
S0069,C15,6.24
S0069,C11,6.68
S0069,C05,6.37
S0069,C18,5.17
S0070,C08,6.25
S0070,C06,7.85
S0070,C07,5.0
S0070,C15,5.0
S0070,C02,6.7
S0070,C16,6.03
S0070,C10,5.74
S0071,C14,8.6
S0071,C12,7.01
S0071,C07,7.33
S0071,C03,10.0
S0071,C19,8.56
S0072,C18,7.49
S0072,C13,9.36
S0072,C10,8.75
S0072,C17,8.65
S0072,C02,9.23
S0072,C07,9.29
S0072,C15,9.48
S0072,C14,7.62
S0073,C07,6.41
S0073,C20,8.57
S0073,C09,9.54
S0073,C14,8.48
S0073,C17,9.93
S0074,C02,5.17
S0074,C10,5.66
S0074,C06,6.6
S0074,C14,9.07
S0074,C19,6.29
S0074,C05,6.7
S0074,C12,6.36
S0074,C15,7.94
S0075,C02,9.82
S0075,C06,9.62
S0075,C01,10.0
S0075,C13,10.0
S0075,C18,10.0
S0075,C19,10.0
S0075,C04,9.39
S0075,C08,10.0
S0076,C17,9.89
S0076,C03,8.13
S0076,C04,9.61
S0076,C12,9.49
S0076,C13,8.46
S0076,C07,10.0
S0076,C08,10.0
S0076,C19,9.74
S0077,C10,8.1
S0077,C14,6.71
S0077,C16,7.02
S0077,C17,9.26
S0077,C09,8.55
S0077,C07,9.08
S0077,C15,8.82
S0078,C12,10.0
S0078,C19,7.81
S0078,C01,7.7
S0078,C09,8.41
S0078,C14,8.8
S0078,C06,7.88
S0078,C03,7.41
S0078,C16,9.38
S0078,C07,10.0
S0079,C20,6.5
S0079,C09,8.11
S0079,C06,6.15
S0079,C11,7.69
S0079,C18,8.79
S0079,C08,8.21
S0079,C10,8.68
S0080,C01,5.58
S0080,C09,6.45
S0080,C11,6.99
S0080,C20,5.61
S0080,C17,6.33
S0080,C02,6.92
S0080,C04,5.83
S0081,C20,5.85
S0081,C06,6.61
S0081,C07,7.45
S0081,C19,8.45
S0081,C09,9.21
S0081,C18,7.13
S0081,C12,6.91
S0082,C02,9.54
S0082,C01,9.92
S0082,C17,7.73
S0082,C15,8.59
S0082,C11,9.65
S0082,C20,10.0
S0082,C19,8.33
S0082,C09,7.65
S0082,C14,10.0
S0083,C17,5.0
S0083,C12,6.1
S0083,C05,5.0
S0083,C03,5.0
S0083,C08,5.23
S0084,C16,7.02
S0084,C19,6.36
S0084,C04,6.04
S0084,C18,8.25
S0084,C05,5.57
S0085,C06,6.9
S0085,C09,5.73
S0085,C12,6.28
S0085,C20,6.24
S0085,C13,5.57
S0085,C14,6.93
S0085,C07,5.65
S0086,C15,7.31
S0086,C13,7.13
S0086,C14,6.27
S0086,C05,5.0
S0086,C01,5.2
S0086,C19,5.1
S0086,C06,7.45
S0086,C08,5.0
S0086,C02,6.42
S0087,C08,8.41
S0087,C17,9.99
S0087,C12,9.75
S0087,C13,8.77
S0087,C19,8.61
S0087,C15,7.95
S0087,C10,9.36
S0087,C14,10.0
S0087,C20,8.67
S0088,C01,8.8
S0088,C16,9.7
S0088,C06,8.97
S0088,C05,8.25
S0088,C15,10.0
S0088,C04,9.86
S0089,C08,7.07
S0089,C07,8.88
S0089,C12,7.97
S0089,C16,8.67
S0089,C19,6.87
S0089,C13,7.23
S0090,C19,5.0
S0090,C08,5.35
S0090,C11,5.81
S0090,C20,5.68
S0090,C12,5.0
S0091,C03,7.02
S0091,C06,6.49
S0091,C13,6.58
S0091,C18,7.92
S0091,C15,6.11
S0091,C12,5.74
S0091,C14,8.73
S0091,C05,9.23
S0091,C01,7.13
S0092,C09,6.65
S0092,C20,7.65
S0092,C19,9.18
S0092,C05,8.1
S0092,C16,8.48
S0092,C18,8.01
S0092,C02,9.51
S0093,C01,5.12
S0093,C07,5.38
S0093,C14,8.31
S0093,C03,5.61
S0093,C19,6.68
S0093,C17,5.59
S0093,C18,5.59
S0094,C19,8.03
S0094,C09,7.3
S0094,C02,7.68
S0094,C06,8.74
S0094,C12,7.73
S0094,C20,8.78
S0094,C08,6.78
S0094,C11,8.62
S0094,C01,6.27
S0095,C08,7.22
S0095,C12,7.46
S0095,C02,6.06
S0095,C18,7.55
S0095,C14,6.07
S0096,C20,7.41
S0096,C10,7.06
S0096,C19,7.57
S0096,C09,8.42
S0096,C04,8.21
S0096,C07,7.85
S0096,C14,8.53
S0096,C15,9.64
S0096,C03,8.04
S0097,C07,9.4
S0097,C14,7.84
S0097,C16,7.39
S0097,C04,9.61
S0097,C09,8.37
S0098,C04,6.87
S0098,C02,5.59
S0098,C06,6.15
S0098,C16,6.3
S0098,C14,5.01
S0098,C08,7.86
S0098,C13,5.0
S0098,C18,5.57
S0098,C09,5.84
S0099,C12,6.2
S0099,C07,6.26
S0099,C01,8.08
S0099,C10,9.07
S0099,C04,6.38
S0099,C06,5.99
S0099,C16,8.49
S0099,C14,7.23
S0099,C18,6.68
S0100,C03,8.21
S0100,C05,9.54
S0100,C10,9.54
S0100,C07,7.27
S0100,C06,9.53
S0100,C17,9.83
S0100,C15,7.69
S0101,C09,8.04
S0101,C14,7.92
S0101,C02,9.18
S0101,C07,8.9
S0101,C11,10.0
S0101,C01,7.48
S0101,C19,7.76
S0101,C08,6.7
S0102,C19,7.21
S0102,C08,9.63
S0102,C09,9.25
S0102,C16,9.95
S0102,C11,10.0
S0103,C11,10.0
S0103,C10,9.39
S0103,C07,10.0
S0103,C04,8.57
S0103,C17,8.52
S0103,C09,8.91
S0103,C02,9.88
S0103,C13,10.0
S0104,C02,6.05
S0104,C07,7.29
S0104,C19,5.04
S0104,C09,6.41
S0104,C17,5.61
S0104,C08,6.81
S0104,C06,5.68
S0105,C05,6.01
S0105,C14,5.98
S0105,C01,7.24
S0105,C12,5.0
S0105,C16,5.47
S0105,C06,7.3
S0105,C15,5.0
S0105,C08,5.0
S0105,C07,6.83
S0106,C19,9.03
S0106,C08,6.94
S0106,C17,10.0
S0106,C13,7.75
S0106,C02,8.45
S0106,C14,8.93
S0106,C15,9.39
S0107,C02,5.43
S0107,C14,5.96
S0107,C09,5.34
S0107,C05,5.0
S0107,C03,7.13
S0107,C07,5.42
S0108,C16,8.0
S0108,C08,9.16
S0108,C05,5.39
S0108,C18,8.52
S0108,C06,7.45
S0108,C09,6.67
S0108,C04,8.52
S0108,C19,6.52
S0108,C15,6.63
S0109,C09,10.0
S0109,C01,8.87
S0109,C10,10.0
S0109,C18,9.15
S0109,C03,9.58
S0109,C11,9.06
S0109,C12,10.0
S0109,C14,9.38
S0109,C19,10.0
S0110,C06,9.69
S0110,C14,10.0
S0110,C11,8.47
S0110,C12,7.08
S0110,C19,8.21
S0111,C15,8.42
S0111,C19,5.77
S0111,C10,8.16
S0111,C12,5.84
S0111,C17,6.35
S0111,C11,7.1
S0112,C01,10.0
S0112,C11,9.41
S0112,C05,8.69
S0112,C04,9.7
S0112,C12,8.12
S0112,C18,9.9
S0112,C20,8.63
S0112,C10,8.91
S0113,C03,7.63
S0113,C12,7.56
S0113,C08,7.22
S0113,C11,8.18
S0113,C02,9.88
S0113,C09,7.08
S0113,C05,7.25
S0113,C07,6.08
S0114,C16,7.08
S0114,C10,8.73
S0114,C15,7.79
S0114,C06,7.22
S0114,C09,8.93
S0114,C04,7.51
S0115,C05,9.81
S0115,C07,9.07
S0115,C17,8.55
S0115,C18,10.0
S0115,C13,10.0
S0116,C16,8.11
S0116,C07,5.76
S0116,C10,8.08
S0116,C20,8.26
S0116,C04,7.46
S0116,C12,6.97
S0117,C16,8.83
S0117,C18,8.42
S0117,C06,9.59
S0117,C05,10.0
S0117,C02,10.0
S0117,C01,8.79
S0118,C17,10.0
S0118,C07,10.0
S0118,C15,10.0
S0118,C06,10.0
S0118,C01,10.0
S0118,C13,10.0
S0118,C20,8.82
S0118,C11,9.49
S0118,C05,9.47
S0119,C11,8.24
S0119,C19,5.13
S0119,C07,7.52
S0119,C15,7.18
S0119,C12,6.24
S0120,C02,7.62
S0120,C09,6.87
S0120,C04,5.95
S0120,C01,5.42
S0120,C06,6.14
S0120,C16,5.4
S0120,C03,6.43
S0121,C12,5.92
S0121,C20,5.7
S0121,C11,6.77
S0121,C03,6.94
S0121,C14,6.01
S0121,C06,6.92
S0122,C10,5.95
S0122,C11,5.33
S0122,C09,5.73
S0122,C02,6.24
S0122,C04,5.0
S0123,C08,5.65
S0123,C02,5.83
S0123,C06,5.0
S0123,C05,8.07
S0123,C19,5.11
S0123,C11,8.8
S0123,C16,7.43
S0124,C13,8.65
S0124,C18,9.11
S0124,C05,8.15
S0124,C09,10.0
S0124,C01,8.62
S0124,C14,10.0
S0124,C07,8.69
S0124,C20,10.0
S0124,C06,9.2
S0125,C01,6.91
S0125,C18,6.27
S0125,C15,5.78
S0125,C17,5.5
S0125,C03,6.64
S0125,C16,6.4
S0125,C11,6.94
S0125,C20,5.23
S0125,C09,5.94
S0126,C08,7.44
S0126,C04,6.58
S0126,C11,7.14
S0126,C06,7.93
S0126,C05,5.0
S0126,C18,9.57
S0126,C15,8.24
S0127,C19,10.0
S0127,C08,10.0
S0127,C20,10.0
S0127,C04,10.0
S0127,C17,9.89
S0127,C01,9.12
S0128,C03,5.0
S0128,C15,5.0
S0128,C01,5.0
S0128,C05,5.0
S0128,C18,5.0
S0128,C16,5.0
S0129,C08,10.0
S0129,C02,8.03
S0129,C01,7.33
S0129,C06,9.99
S0129,C09,9.98
S0129,C19,9.38
S0130,C12,8.62
S0130,C20,6.03
S0130,C05,7.59
S0130,C18,6.89
S0130,C01,5.71
S0130,C19,8.81
S0130,C08,5.27
S0131,C06,5.05
S0131,C01,5.0
S0131,C19,7.3
S0131,C18,5.0
S0131,C14,6.22
S0131,C11,6.03
S0131,C08,6.78
S0131,C05,7.02
S0131,C16,6.81
S0132,C10,10.0
S0132,C13,9.03
S0132,C09,9.37
S0132,C03,9.38
S0132,C06,10.0
S0132,C04,10.0
S0132,C08,9.4
S0132,C02,7.76
S0133,C07,10.0
S0133,C14,7.85
S0133,C15,6.03
S0133,C11,7.93
S0133,C03,8.67
S0133,C02,7.82
S0133,C04,9.12
S0133,C17,7.95
S0134,C03,10.0
S0134,C18,7.72
S0134,C12,10.0
S0134,C15,10.0
S0134,C14,10.0
S0134,C16,10.0
S0134,C20,9.66
S0134,C10,9.62
S0135,C15,6.82
S0135,C12,8.88
S0135,C19,8.44
S0135,C08,9.61
S0135,C09,10.0
S0135,C14,6.67
S0135,C18,8.67
S0135,C10,8.97
S0135,C16,9.46
S0136,C02,10.0
S0136,C09,9.25
S0136,C13,10.0
S0136,C10,7.93
S0136,C04,8.58
S0136,C18,6.61
S0136,C16,8.22
S0137,C11,6.23
S0137,C07,9.14
S0137,C16,8.11
S0137,C09,8.45
S0137,C12,8.23
S0137,C18,6.41
S0137,C19,8.49
S0138,C01,5.83
S0138,C19,5.0
S0138,C15,6.56
S0138,C07,8.09
S0138,C10,6.14
S0138,C02,6.85
S0138,C17,5.82
S0139,C16,9.59
S0139,C19,9.35
S0139,C18,7.83
S0139,C05,6.72
S0139,C07,9.56
S0139,C15,9.38
S0139,C12,8.59
S0140,C13,8.44
S0140,C01,8.86
S0140,C08,10.0
S0140,C03,7.9
S0140,C19,9.49
S0141,C07,9.97
S0141,C01,10.0
S0141,C12,10.0
S0141,C17,10.0
S0141,C02,9.41
S0142,C15,6.73
S0142,C03,6.55
S0142,C07,7.33
S0142,C09,5.2
S0142,C08,7.94
S0142,C11,9.75
S0142,C10,7.79
S0142,C13,6.77
S0142,C19,7.22
S0143,C03,8.88
S0143,C01,7.46
S0143,C19,5.84
S0143,C12,5.88
S0143,C13,5.24
S0143,C15,9.13
S0143,C08,7.29
S0144,C08,10.0
S0144,C02,8.28
S0144,C03,9.66
S0144,C16,9.62
S0144,C15,10.0
S0144,C04,8.62
S0144,C14,9.62
S0145,C15,5.34
S0145,C16,6.4
S0145,C11,5.52
S0145,C19,6.69
S0145,C03,6.37
S0145,C05,7.2
S0145,C01,7.26
S0146,C01,9.67
S0146,C02,8.48
S0146,C17,10.0
S0146,C04,10.0
S0146,C09,9.81
S0146,C18,10.0
S0146,C08,9.83
S0146,C05,8.31
S0146,C12,10.0
S0147,C11,9.42
S0147,C15,10.0
S0147,C18,8.09
S0147,C06,10.0
S0147,C05,8.56
S0147,C03,10.0
S0147,C07,8.28
S0148,C11,7.21
S0148,C18,8.35
S0148,C09,8.26
S0148,C15,6.47
S0148,C17,10.0
S0148,C12,7.15
S0148,C19,9.13
S0148,C20,7.56
S0149,C19,10.0
S0149,C05,7.0
S0149,C15,9.18
S0149,C04,9.23
S0149,C02,8.95
S0149,C18,9.17
S0149,C10,10.0
S0149,C16,6.53
S0149,C17,10.0
S0150,C04,7.28
S0150,C09,9.57
S0150,C19,10.0
S0150,C02,6.94
S0150,C15,7.72
S0150,C18,10.0
S0150,C01,10.0
S0150,C11,9.67
S0151,C11,5.0
S0151,C17,5.0
S0151,C14,5.0
S0151,C19,5.0
S0151,C20,6.09
S0151,C01,5.0
S0151,C16,5.0
S0152,C12,10.0
S0152,C19,9.56
S0152,C17,9.74
S0152,C04,10.0
S0152,C09,9.73
S0152,C15,10.0
S0152,C10,10.0
S0153,C13,8.84
S0153,C14,9.45
S0153,C03,9.28
S0153,C04,9.14
S0153,C17,9.19
S0153,C18,6.94
S0153,C11,10.0
S0154,C14,10.0
S0154,C20,9.77
S0154,C08,8.85
S0154,C01,9.58
S0154,C06,9.66
S0155,C03,6.23
S0155,C01,6.16
S0155,C11,5.7
S0155,C16,6.53
S0155,C19,7.09
S0155,C17,7.99
S0155,C15,7.41
S0155,C14,5.61
S0155,C06,6.23
S0156,C19,10.0
S0156,C12,10.0
S0156,C02,10.0
S0156,C18,8.88
S0156,C13,9.66
S0156,C10,8.72
S0156,C01,10.0
S0157,C16,6.04
S0157,C20,6.56
S0157,C05,7.78
S0157,C12,7.12
S0157,C03,6.84
S0157,C18,5.86
S0157,C01,7.71
S0157,C11,7.9
S0157,C15,6.25
S0158,C12,5.0
S0158,C09,6.74
S0158,C02,5.0
S0158,C05,5.75
S0158,C14,7.5
S0159,C17,10.0
S0159,C05,10.0
S0159,C10,10.0
S0159,C18,10.0
S0159,C09,8.49
S0159,C06,10.0
S0159,C11,10.0
S0160,C10,5.0
S0160,C03,5.0
S0160,C04,7.54
S0160,C11,5.32
S0160,C19,5.0
S0160,C20,8.59
S0161,C08,7.71
S0161,C18,5.0
S0161,C14,8.73
S0161,C20,7.53
S0161,C15,7.73
S0161,C09,5.65
S0161,C06,5.79
S0161,C12,7.71
S0161,C13,7.15
S0162,C06,10.0
S0162,C05,10.0
S0162,C09,10.0
S0162,C10,9.49
S0162,C13,10.0
S0162,C17,8.91
S0162,C12,10.0
S0163,C15,9.74
S0163,C09,10.0
S0163,C04,10.0
S0163,C16,8.12
S0163,C12,10.0
S0164,C05,8.31
S0164,C02,8.79
S0164,C20,7.57
S0164,C09,8.85
S0164,C07,9.79
S0165,C14,8.07
S0165,C05,7.87
S0165,C17,7.52
S0165,C04,9.58
S0165,C13,7.37
S0166,C14,5.47
S0166,C03,10.0
S0166,C06,6.98
S0166,C08,6.31
S0166,C13,7.85
S0166,C02,8.49
S0167,C08,6.27
S0167,C05,6.07
S0167,C14,5.29
S0167,C12,7.07
S0167,C18,6.74
S0168,C04,5.24
S0168,C08,7.96
S0168,C14,7.94
S0168,C05,5.56
S0168,C06,7.2
S0168,C16,8.82
S0168,C12,7.36
S0168,C11,6.3
S0168,C17,6.86
S0169,C06,7.34
S0169,C08,7.99
S0169,C03,8.21
S0169,C19,7.96
S0169,C12,9.95
S0169,C01,7.64
S0169,C05,8.16
S0169,C07,7.91
S0170,C03,7.97
S0170,C06,7.83
S0170,C17,10.0
S0170,C15,7.47
S0170,C12,10.0
S0171,C14,9.9
S0171,C19,9.5
S0171,C10,7.76
S0171,C06,9.8
S0171,C01,10.0
S0172,C13,9.8
S0172,C02,8.39
S0172,C16,8.82
S0172,C09,10.0
S0172,C14,8.01
S0173,C13,5.0
S0173,C20,6.17
S0173,C18,7.69
S0173,C03,5.91
S0173,C17,8.72
S0173,C05,7.14
S0174,C11,7.53
S0174,C17,8.86
S0174,C15,8.72
S0174,C05,7.14
S0174,C20,7.12
S0174,C06,6.7
S0175,C14,5.0
S0175,C09,5.55
S0175,C01,5.0
S0175,C02,5.56
S0175,C15,6.96
S0175,C20,5.41
S0175,C10,5.8
S0176,C04,8.59
S0176,C18,9.3
S0176,C05,6.89
S0176,C08,8.32
S0176,C13,9.05
S0176,C15,6.75
S0177,C07,7.43
S0177,C01,6.69
S0177,C15,8.72
S0177,C20,8.08
S0177,C05,6.38
S0177,C04,6.45
S0177,C14,10.0
S0177,C19,7.65
S0178,C05,8.74
S0178,C04,9.58
S0178,C18,10.0
S0178,C03,9.46
S0178,C17,9.91
S0178,C08,9.07
S0179,C08,8.34
S0179,C05,8.93
S0179,C06,7.54
S0179,C19,6.23
S0179,C01,5.17
S0180,C09,5.0
S0180,C06,5.73
S0180,C16,6.79
S0180,C11,5.65
S0180,C02,5.45
S0180,C19,6.6
S0181,C19,5.77
S0181,C04,5.74
S0181,C18,8.08
S0181,C13,5.08
S0181,C07,5.95
S0181,C14,5.17
S0182,C07,10.0
S0182,C17,9.11
S0182,C06,8.62
S0182,C03,10.0
S0182,C02,10.0
S0182,C18,8.11
S0183,C02,6.58
S0183,C18,7.19
S0183,C20,8.1
S0183,C06,7.53
S0183,C09,9.79
S0184,C20,5.0
S0184,C16,5.0
S0184,C17,5.0
S0184,C08,5.08
S0184,C09,5.95
S0184,C01,5.0
S0184,C19,5.0
S0184,C04,7.16
S0185,C12,5.1
S0185,C08,5.0
S0185,C06,6.28
S0185,C20,7.38
S0185,C01,5.63
S0186,C14,9.76
S0186,C10,8.98
S0186,C16,10.0
S0186,C05,9.87
S0186,C03,9.37
S0186,C19,9.6
S0187,C02,6.51
S0187,C09,5.26
S0187,C19,5.41
S0187,C01,5.76
S0187,C13,5.0
S0187,C11,5.64
S0187,C16,6.21
S0187,C14,7.87
S0188,C20,10.0
S0188,C17,9.49
S0188,C01,9.0
S0188,C11,9.18
S0188,C13,9.76
S0189,C10,7.25
S0189,C09,8.54
S0189,C05,9.09
S0189,C07,6.79
S0189,C03,9.16
S0189,C02,7.88
S0189,C15,10.0
S0190,C04,6.25
S0190,C02,5.84
S0190,C18,7.26
S0190,C15,6.56
S0190,C11,6.09
S0190,C06,6.43
S0190,C14,6.07
S0190,C07,5.0
S0190,C12,6.5
S0191,C12,7.32
S0191,C18,6.7
S0191,C02,5.43
S0191,C15,5.0
S0191,C03,6.78
S0191,C10,5.81
S0192,C10,10.0
S0192,C18,9.63
S0192,C02,10.0
S0192,C11,9.98
S0192,C07,8.59
S0193,C11,6.12
S0193,C05,5.62
S0193,C10,5.0
S0193,C09,6.27
S0193,C16,8.82
S0193,C01,7.14
S0193,C20,7.81
S0194,C03,6.95
S0194,C20,7.5
S0194,C19,7.89
S0194,C14,7.6
S0194,C04,7.85
S0194,C11,8.18
S0194,C08,7.84
S0194,C09,7.13
S0195,C12,7.53
S0195,C20,10.0
S0195,C15,8.34
S0195,C14,8.47
S0195,C11,8.82
S0195,C09,10.0
S0196,C07,9.67
S0196,C11,10.0
S0196,C01,10.0
S0196,C02,8.02
S0196,C14,8.82
S0196,C17,10.0
S0196,C10,10.0
S0197,C06,10.0
S0197,C11,8.13
S0197,C16,10.0
S0197,C19,10.0
S0197,C10,10.0
S0197,C14,10.0
S0197,C01,7.96
S0198,C15,8.69
S0198,C08,10.0
S0198,C05,8.95
S0198,C04,10.0
S0198,C19,9.97
S0199,C08,5.67
S0199,C11,7.75
S0199,C04,6.75
S0199,C09,7.73
S0199,C10,7.26
S0199,C13,7.3
S0199,C20,5.5
S0199,C16,7.95
S0200,C04,5.74
S0200,C01,6.26
S0200,C11,7.18
S0200,C13,5.93
S0200,C18,7.75
S0200,C17,6.74
S0200,C14,5.77
S0200,C08,5.0
S0200,C09,5.0
S0201,C07,9.82
S0201,C15,10.0
S0201,C03,10.0
S0201,C01,9.73
S0201,C16,10.0
S0201,C11,8.55
S0201,C08,9.74
S0202,C11,8.06
S0202,C18,6.77
S0202,C14,7.59
S0202,C10,10.0
S0202,C09,8.51
S0202,C12,7.44
S0202,C20,10.0
S0202,C06,9.12
S0202,C02,8.25
S0203,C03,10.0
S0203,C01,7.58
S0203,C02,8.11
S0203,C19,9.21
S0203,C18,6.41
S0204,C14,9.84
S0204,C20,10.0
S0204,C18,7.39
S0204,C01,9.71
S0204,C12,10.0
S0204,C06,8.88
S0204,C02,10.0
S0204,C03,9.83
S0204,C09,10.0
S0205,C09,6.01
S0205,C18,6.11
S0205,C08,5.28
S0205,C02,5.54
S0205,C03,5.93
S0205,C20,7.22
S0206,C12,6.7
S0206,C18,8.33
S0206,C06,6.5
S0206,C08,7.77
S0206,C07,7.27
S0206,C09,7.96
S0206,C17,7.17
S0207,C12,8.46
S0207,C11,7.73
S0207,C20,5.0
S0207,C17,5.13
S0207,C08,7.75
S0207,C06,5.0
S0207,C03,5.22
S0207,C10,6.28
S0207,C01,5.0
S0208,C14,7.1
S0208,C20,7.84
S0208,C17,6.46
S0208,C11,8.08
S0208,C08,7.7
S0208,C03,7.56
S0209,C06,5.98
S0209,C10,6.92
S0209,C20,5.0
S0209,C09,6.34
S0209,C11,6.21
S0209,C19,5.0
S0209,C08,5.0
S0209,C02,7.31
S0209,C01,5.63
S0210,C01,6.44
S0210,C20,5.0
S0210,C08,7.04
S0210,C16,5.6
S0210,C09,5.0
S0210,C15,5.29
S0210,C14,6.4
S0210,C05,5.01
S0210,C06,5.0
S0211,C06,5.37
S0211,C16,5.0
S0211,C11,7.35
S0211,C17,5.42
S0211,C08,5.0
S0211,C05,6.75
S0212,C15,8.63
S0212,C11,9.84
S0212,C01,10.0
S0212,C20,9.59
S0212,C04,8.04
S0212,C12,8.63
S0212,C16,8.21
S0213,C07,9.79
S0213,C20,8.42
S0213,C16,9.88
S0213,C06,5.89
S0213,C05,9.71
S0213,C10,8.62
S0213,C01,8.28
S0213,C04,10.0
S0214,C14,7.24
S0214,C03,5.01
S0214,C09,9.44
S0214,C04,7.7
S0214,C17,6.9
S0214,C06,5.09
S0214,C19,9.73
S0215,C13,10.0
S0215,C05,9.71
S0215,C15,10.0
S0215,C03,9.49
S0215,C04,9.64
S0215,C02,10.0
S0216,C04,7.76
S0216,C09,8.35
S0216,C05,6.81
S0216,C17,8.69
S0216,C19,6.91
S0216,C14,7.56
S0216,C01,8.98
S0216,C12,8.73
S0217,C10,6.68
S0217,C18,5.16
S0217,C20,6.18
S0217,C01,6.14
S0217,C19,7.7
S0217,C12,7.86
S0217,C17,6.92
S0217,C15,6.95
S0217,C14,7.55
S0218,C19,10.0
S0218,C12,8.86
S0218,C16,7.36
S0218,C08,10.0
S0218,C14,9.57
S0218,C02,9.29
S0218,C03,9.57
S0219,C17,10.0
S0219,C06,6.4
S0219,C01,7.78
S0219,C16,8.1
S0219,C15,6.58
S0220,C08,6.72
S0220,C10,10.0
S0220,C14,9.27
S0220,C04,10.0
S0220,C17,10.0
S0221,C06,7.09
S0221,C01,6.72
S0221,C16,5.0
S0221,C03,5.84
S0221,C04,5.0
S0221,C05,5.32
S0222,C08,10.0
S0222,C10,9.26
S0222,C06,10.0
S0222,C04,9.28
S0222,C12,10.0
S0222,C02,9.93
S0222,C11,9.19
S0222,C19,10.0
S0223,C07,5.36
S0223,C13,6.88
S0223,C20,5.21
S0223,C01,5.0
S0223,C14,6.89
S0224,C20,7.62
S0224,C13,10.0
S0224,C12,10.0
S0224,C07,9.52
S0224,C05,9.62
S0224,C10,10.0
S0224,C15,10.0
S0224,C02,10.0
S0225,C03,7.1
S0225,C13,8.59
S0225,C01,8.85
S0225,C20,9.39
S0225,C05,7.42
S0225,C12,8.47
S0226,C01,9.76
S0226,C08,9.08
S0226,C18,10.0
S0226,C06,10.0
S0226,C13,9.8
S0226,C02,10.0
S0226,C09,9.15
S0227,C02,6.08
S0227,C08,6.29
S0227,C01,8.47
S0227,C13,6.92
S0227,C15,5.69
S0227,C04,6.29
S0227,C16,5.0
S0227,C07,6.68
S0227,C19,5.0
S0228,C07,7.45
S0228,C15,7.53
S0228,C20,8.35
S0228,C10,8.38
S0228,C14,7.03
S0228,C13,8.36
S0228,C05,8.22
S0228,C09,6.97
S0228,C04,8.98
S0229,C04,10.0
S0229,C16,9.03
S0229,C20,8.63
S0229,C10,10.0
S0229,C13,10.0
S0229,C06,8.79
S0229,C03,9.84
S0230,C12,7.1
S0230,C18,9.95
S0230,C11,9.45
S0230,C03,7.78
S0230,C06,6.35
S0230,C20,7.83
S0230,C15,8.68
S0230,C13,7.24
S0231,C14,9.11
S0231,C06,8.29
S0231,C05,7.17
S0231,C04,6.94
S0231,C01,8.89
S0231,C15,7.24
S0231,C20,8.08
S0231,C19,10.0
S0232,C04,9.88
S0232,C03,10.0
S0232,C14,8.62
S0232,C10,10.0
S0232,C20,8.52
S0232,C19,9.89
S0232,C07,8.32
S0233,C18,6.66
S0233,C16,7.35
S0233,C11,8.72
S0233,C15,8.32
S0233,C13,8.1
S0233,C01,7.51
S0233,C12,6.06
S0233,C04,7.94
S0233,C06,8.27
S0234,C16,8.5
S0234,C10,7.93
S0234,C03,7.54
S0234,C13,6.1
S0234,C08,6.91
S0234,C07,9.26
S0235,C19,9.65
S0235,C03,7.65
S0235,C02,8.97
S0235,C16,9.41
S0235,C20,8.19
S0235,C13,7.78
S0235,C01,9.52
S0236,C03,10.0
S0236,C05,8.15
S0236,C15,10.0
S0236,C06,10.0
S0236,C13,10.0
S0236,C01,8.79
S0236,C04,9.52
S0237,C02,6.54
S0237,C13,6.75
S0237,C20,5.49
S0237,C01,5.23
S0237,C03,5.97
S0237,C04,5.0
S0238,C13,7.07
S0238,C04,7.14
S0238,C09,6.53
S0238,C02,5.41
S0238,C05,7.34
S0239,C08,10.0
S0239,C14,10.0
S0239,C05,10.0
S0239,C13,8.41
S0239,C01,9.72
S0240,C01,9.71
S0240,C15,9.42
S0240,C14,10.0
S0240,C16,9.63
S0240,C02,10.0
S0240,C17,9.17
S0240,C13,10.0
S0241,C13,6.07
S0241,C07,8.31
S0241,C20,8.78
S0241,C15,8.53
S0241,C09,7.36
S0241,C05,7.68
S0241,C19,7.48
S0242,C15,7.59
S0242,C01,8.33
S0242,C09,9.27
S0242,C11,8.74
S0242,C04,8.51
S0242,C20,6.72
S0242,C06,9.06
S0242,C07,8.96
S0242,C10,8.01
S0243,C15,7.12
S0243,C06,7.74
S0243,C20,7.11
S0243,C02,7.76
S0243,C14,8.38
S0243,C05,5.6
S0244,C06,7.61
S0244,C12,6.74
S0244,C14,5.76
S0244,C10,6.84
S0244,C09,6.93
S0245,C18,7.14
S0245,C11,5.33
S0245,C08,6.29
S0245,C20,7.44
S0245,C16,8.95
S0245,C02,7.96
S0245,C19,9.01
S0246,C03,9.24
S0246,C02,8.23
S0246,C12,7.0
S0246,C14,6.98
S0246,C08,6.38
S0246,C01,7.76
S0247,C12,9.1
S0247,C04,8.22
S0247,C06,9.12
S0247,C20,10.0
S0247,C17,6.91
S0248,C15,6.68
S0248,C13,5.0
S0248,C09,5.88
S0248,C14,5.19
S0248,C05,8.17
S0248,C01,6.4
S0248,C19,5.17
S0248,C03,5.46
S0249,C13,10.0
S0249,C05,10.0
S0249,C19,10.0
S0249,C08,9.6
S0249,C18,9.07
S0249,C17,10.0
S0249,C03,10.0
S0250,C18,9.62
S0250,C05,10.0
S0250,C01,8.36
S0250,C14,8.74
S0250,C17,10.0
S0250,C08,10.0
S0250,C07,9.7
S0251,C16,8.85
S0251,C10,10.0
S0251,C09,9.85
S0251,C07,7.88
S0251,C03,10.0
S0252,C14,8.06
S0252,C08,7.96
S0252,C12,9.04
S0252,C15,8.5
S0252,C17,8.9
S0253,C12,5.0
S0253,C14,7.46
S0253,C08,6.12
S0253,C16,7.22
S0253,C03,6.54
S0253,C05,7.36
S0253,C15,9.98
S0253,C13,5.72
S0253,C20,8.95
S0254,C20,10.0
S0254,C06,10.0
S0254,C07,9.28
S0254,C18,9.27
S0254,C03,10.0
S0254,C13,8.55
S0254,C19,10.0
S0254,C17,10.0
S0254,C16,8.32
S0255,C10,9.07
S0255,C04,9.19
S0255,C08,7.37
S0255,C14,8.85
S0255,C11,7.72
S0256,C06,6.25
S0256,C03,5.0
S0256,C12,8.24
S0256,C09,5.0
S0256,C08,5.45
S0256,C11,7.13
S0257,C04,8.88
S0257,C06,8.45
S0257,C14,9.48
S0257,C08,9.98
S0257,C05,10.0
S0258,C09,7.83
S0258,C03,8.51
S0258,C07,9.42
S0258,C04,8.39
S0258,C16,10.0
S0258,C08,7.47
S0258,C18,10.0
S0258,C05,9.77
S0259,C15,9.99
S0259,C19,10.0
S0259,C02,7.86
S0259,C11,10.0
S0259,C08,8.56
S0259,C12,10.0
S0260,C07,8.0
S0260,C19,8.58
S0260,C16,9.31
S0260,C01,8.58
S0260,C04,7.65
S0261,C19,7.67
S0261,C07,8.76
S0261,C20,8.46
S0261,C04,8.01
S0261,C18,10.0
S0261,C05,8.41
S0262,C02,8.03
S0262,C09,8.79
S0262,C01,5.98
S0262,C19,9.07
S0262,C10,8.49
S0262,C07,6.46
S0262,C12,7.81
S0263,C14,8.99
S0263,C07,10.0
S0263,C08,10.0
S0263,C03,9.58
S0263,C04,9.56
S0263,C16,10.0
S0263,C11,8.78
S0263,C01,8.2
S0264,C16,8.81
S0264,C05,8.08
S0264,C11,9.72
S0264,C03,9.5
S0264,C10,10.0
S0265,C17,6.3
S0265,C10,7.05
S0265,C15,5.0
S0265,C18,5.0
S0265,C11,5.9
S0266,C15,6.15
S0266,C14,5.0
S0266,C10,5.0
S0266,C06,6.67
S0266,C02,5.0
S0267,C19,6.24
S0267,C05,8.99
S0267,C11,6.74
S0267,C16,8.48
S0267,C13,6.33
S0267,C14,7.5
S0267,C10,6.88
S0267,C12,7.91
S0268,C14,9.73
S0268,C20,9.08
S0268,C04,9.74
S0268,C19,10.0
S0268,C12,9.74
S0269,C06,10.0
S0269,C13,10.0
S0269,C16,9.94
S0269,C11,7.62
S0269,C17,10.0
S0269,C14,10.0
S0269,C09,9.93
S0270,C09,6.95
S0270,C08,6.56
S0270,C18,5.65
S0270,C03,5.54
S0270,C19,6.72
S0270,C16,6.17
S0270,C04,6.97
S0270,C11,5.0
S0271,C11,8.59
S0271,C18,8.93
S0271,C01,8.2
S0271,C20,9.5
S0271,C16,8.28
S0271,C02,8.08
S0271,C03,9.83
S0271,C14,10.0
S0272,C06,7.06
S0272,C08,6.56
S0272,C16,7.13
S0272,C17,8.69
S0272,C14,6.34
S0272,C12,5.07
S0273,C16,10.0
S0273,C14,10.0
S0273,C01,10.0
S0273,C15,10.0
S0273,C04,10.0
S0273,C17,9.26
S0273,C11,10.0
S0273,C08,8.21
S0274,C11,9.25
S0274,C05,10.0
S0274,C18,9.74
S0274,C08,9.13
S0274,C17,9.33
S0274,C07,10.0
S0274,C14,10.0
S0274,C19,9.27
S0275,C13,9.07
S0275,C11,9.22
S0275,C16,8.92
S0275,C14,9.13
S0275,C01,9.62
S0276,C05,7.71
S0276,C20,9.19
S0276,C15,9.62
S0276,C12,7.08
S0276,C06,6.54
S0276,C17,7.61
S0276,C18,8.47
S0276,C03,7.99
S0277,C15,9.07
S0277,C03,7.52
S0277,C09,6.36
S0277,C12,6.17
S0277,C05,7.78
S0277,C16,8.24
S0278,C11,6.96
S0278,C03,7.52
S0278,C08,7.67
S0278,C09,6.48
S0278,C13,7.45
S0278,C20,7.99
S0278,C17,6.66
S0279,C17,6.18
S0279,C14,5.0
S0279,C05,7.13
S0279,C07,6.31
S0279,C06,5.8
S0280,C04,9.49
S0280,C11,9.44
S0280,C14,7.99
S0280,C07,9.55
S0280,C05,10.0
S0280,C17,10.0
S0280,C12,9.39
S0281,C18,8.19
S0281,C19,10.0
S0281,C07,10.0
S0281,C08,8.28
S0281,C14,8.16
S0281,C10,8.92
S0281,C12,10.0
S0282,C12,9.86
S0282,C05,9.16
S0282,C18,10.0
S0282,C14,10.0
S0282,C04,9.35
S0282,C03,9.72
S0283,C04,8.08
S0283,C13,10.0
S0283,C08,8.75
S0283,C09,9.39
S0283,C02,10.0
S0283,C19,8.78
S0283,C10,8.49
S0284,C07,5.66
S0284,C14,6.99
S0284,C15,7.52
S0284,C06,8.86
S0284,C09,6.52
S0284,C17,7.54
S0284,C02,8.74
S0284,C16,6.4
S0285,C14,8.66
S0285,C16,9.33
S0285,C07,10.0
S0285,C08,10.0
S0285,C15,7.57
S0285,C02,9.94
S0285,C06,7.82
S0286,C10,9.85
S0286,C02,10.0
S0286,C08,9.81
S0286,C05,9.82
S0286,C14,10.0
S0287,C11,10.0
S0287,C15,10.0
S0287,C17,6.35
S0287,C02,10.0
S0287,C19,8.35
S0288,C09,7.72
S0288,C16,6.25
S0288,C19,7.12
S0288,C06,5.57
S0288,C04,7.95
S0289,C11,7.17
S0289,C17,7.35
S0289,C03,5.0
S0289,C06,8.92
S0289,C15,7.69
S0289,C19,8.48
S0290,C11,5.0
S0290,C20,5.98
S0290,C08,7.1
S0290,C10,7.18
S0290,C12,5.14
S0291,C11,10.0
S0291,C12,10.0
S0291,C09,10.0
S0291,C13,10.0
S0291,C18,10.0
S0291,C05,10.0
S0291,C01,10.0
S0291,C15,10.0
S0291,C08,9.66
S0292,C02,7.65
S0292,C07,10.0
S0292,C18,9.42
S0292,C06,9.62
S0292,C09,7.46
S0292,C05,7.23
S0292,C03,8.07
S0292,C08,8.46
S0293,C11,5.75
S0293,C04,7.58
S0293,C14,6.7
S0293,C19,6.33
S0293,C15,6.38
S0293,C02,5.56
S0293,C12,6.93
S0294,C10,9.21
S0294,C07,9.32
S0294,C04,8.61
S0294,C02,8.76
S0294,C20,10.0
S0295,C04,7.81
S0295,C16,7.23
S0295,C10,8.41
S0295,C12,10.0
S0295,C08,7.91
S0295,C13,8.26
S0296,C03,7.74
S0296,C19,7.65
S0296,C06,5.45
S0296,C02,8.54
S0296,C20,7.18
S0296,C14,7.97
S0296,C16,6.1
S0297,C09,5.56
S0297,C16,7.29
S0297,C12,5.0
S0297,C06,5.04
S0297,C19,7.03
S0297,C20,6.37
S0297,C03,7.18
S0297,C07,6.04
S0297,C17,5.0
S0298,C14,9.58
S0298,C06,9.01
S0298,C02,8.35
S0298,C11,8.09
S0298,C03,8.72
S0298,C09,6.66
S0298,C10,7.88
S0299,C10,10.0
S0299,C11,7.96
S0299,C07,8.98
S0299,C04,7.43
S0299,C12,7.03
S0299,C19,7.46
S0300,C15,7.91
S0300,C11,10.0
S0300,C17,9.1
S0300,C07,10.0
S0300,C06,7.33
S0300,C04,9.41
S0300,C01,9.01
S0300,C13,9.74
S0300,C09,10.0
S0301,C04,6.37
S0301,C20,8.33
S0301,C08,7.49
S0301,C12,6.19
S0301,C10,9.48
S0301,C09,6.22
S0301,C02,8.5
S0301,C16,6.83
S0301,C03,6.01
S0302,C05,10.0
S0302,C02,8.73
S0302,C14,9.26
S0302,C12,7.73
S0302,C08,10.0
S0302,C13,9.28
S0302,C18,8.78
S0302,C07,8.79
S0302,C16,9.87
S0303,C04,10.0
S0303,C12,9.47
S0303,C09,5.84
S0303,C08,6.42
S0303,C03,7.36
S0304,C16,6.52
S0304,C20,8.55
S0304,C04,8.85
S0304,C13,9.06
S0304,C11,8.01
S0304,C17,6.73
S0304,C07,10.0
S0304,C08,7.81
S0304,C02,7.57
S0305,C14,10.0
S0305,C19,8.22
S0305,C05,10.0
S0305,C13,8.98
S0305,C11,10.0
S0305,C17,9.32
S0306,C14,6.36
S0306,C12,6.97
S0306,C10,7.25
S0306,C08,5.29
S0306,C17,5.43
S0307,C02,7.46
S0307,C04,5.55
S0307,C05,8.44
S0307,C17,5.0
S0307,C16,5.82
S0308,C14,5.7
S0308,C15,5.0
S0308,C20,5.0
S0308,C06,7.1
S0308,C09,5.98
S0308,C12,5.0
S0308,C07,5.0
S0308,C13,5.0
S0309,C16,10.0
S0309,C14,8.7
S0309,C01,9.32
S0309,C09,8.74
S0309,C18,10.0
S0309,C08,9.82
S0309,C05,10.0
S0310,C18,7.22
S0310,C07,8.49
S0310,C01,8.67
S0310,C12,9.36
S0310,C14,10.0
S0310,C16,10.0
S0310,C02,8.21
S0310,C20,9.51
S0310,C04,7.22
S0311,C06,7.5
S0311,C15,8.68
S0311,C03,8.11
S0311,C17,8.19
S0311,C02,10.0
S0311,C05,6.05
S0312,C11,6.61
S0312,C15,5.5
S0312,C08,7.48
S0312,C01,6.41
S0312,C18,6.33
S0312,C05,6.47
S0313,C14,7.2
S0313,C19,5.71
S0313,C13,5.76
S0313,C06,6.25
S0313,C08,6.95
S0313,C09,5.0
S0314,C06,5.0
S0314,C10,7.64
S0314,C14,5.0
S0314,C03,5.98
S0314,C16,5.58
S0315,C16,7.32
S0315,C06,8.3
S0315,C05,7.1
S0315,C17,5.42
S0315,C03,8.09
S0315,C08,6.25
S0316,C13,8.79
S0316,C05,8.7
S0316,C06,6.01
S0316,C17,8.95
S0316,C19,7.36
S0316,C02,7.29
S0317,C08,8.42
S0317,C06,7.84
S0317,C05,6.56
S0317,C18,6.18
S0317,C12,8.5
S0318,C11,9.12
S0318,C02,7.76
S0318,C04,6.33
S0318,C09,5.77
S0318,C12,5.52
S0318,C08,6.97
S0318,C15,7.17
S0319,C09,9.17
S0319,C06,9.23
S0319,C05,8.85
S0319,C19,8.36
S0319,C14,9.53
S0320,C04,8.0
S0320,C16,6.52
S0320,C13,6.82
S0320,C18,6.38
S0320,C07,9.23
S0321,C09,8.11
S0321,C06,7.99
S0321,C11,6.8
S0321,C16,6.35
S0321,C15,7.86
S0322,C17,7.72
S0322,C16,10.0
S0322,C10,8.44
S0322,C12,10.0
S0322,C08,8.75
S0322,C01,8.81
S0322,C03,9.45
S0323,C15,8.87
S0323,C10,5.31
S0323,C12,6.52
S0323,C19,9.42
S0323,C02,6.96
S0323,C03,9.34
S0323,C13,5.97
S0323,C06,8.43
S0324,C10,9.13
S0324,C11,8.31
S0324,C14,8.69
S0324,C18,9.57
S0324,C04,9.65
S0325,C04,10.0
S0325,C11,7.76
S0325,C02,10.0
S0325,C12,10.0
S0325,C15,9.9
S0325,C17,10.0
S0326,C10,10.0
S0326,C12,8.76
S0326,C01,10.0
S0326,C02,8.93
S0326,C17,10.0
S0326,C06,10.0
S0326,C19,9.14
S0327,C19,5.0
S0327,C14,5.96
S0327,C18,5.59
S0327,C09,5.78
S0327,C03,5.09
S0327,C17,5.78
S0328,C08,10.0
S0328,C14,10.0
S0328,C11,7.78
S0328,C15,9.35
S0328,C19,9.63
S0329,C02,5.66
S0329,C16,8.58
S0329,C08,6.77
S0329,C04,6.12
S0329,C11,7.61
S0329,C10,7.96
S0329,C20,9.62
S0330,C10,6.96
S0330,C19,7.0
S0330,C20,6.8
S0330,C12,5.59
S0330,C11,6.78
S0330,C08,5.0
S0331,C02,6.77
S0331,C09,7.51
S0331,C07,5.63
S0331,C16,7.6
S0331,C10,6.76
S0331,C20,7.87
S0331,C18,7.49
S0331,C12,6.36
S0332,C05,10.0
S0332,C04,7.19
S0332,C02,10.0
S0332,C16,8.98
S0332,C14,8.65
S0333,C03,8.25
S0333,C14,8.05
S0333,C06,9.16
S0333,C18,7.65
S0333,C02,5.62
S0333,C20,8.62
S0333,C10,9.53
S0334,C13,7.39
S0334,C01,6.48
S0334,C18,7.23
S0334,C16,7.67
S0334,C20,9.1
S0334,C14,7.35
S0335,C17,8.74
S0335,C19,9.26
S0335,C12,8.5
S0335,C06,5.68
S0335,C16,7.67
S0335,C20,9.37
S0335,C02,7.36
S0335,C18,8.95
S0335,C13,7.13
S0336,C02,8.98
S0336,C13,5.49
S0336,C06,6.81
S0336,C08,5.0
S0336,C03,5.71
S0336,C17,6.2
S0337,C20,5.46
S0337,C16,7.05
S0337,C07,7.0
S0337,C15,5.0
S0337,C19,5.76
S0337,C08,6.82
S0337,C14,5.72
S0338,C12,5.62
S0338,C19,5.0
S0338,C16,6.25
S0338,C08,5.0
S0338,C20,5.83
S0338,C04,5.0
S0338,C02,7.52
S0338,C14,6.8
S0338,C07,5.88
S0339,C08,5.59
S0339,C06,7.04
S0339,C18,6.68
S0339,C05,5.88
S0339,C07,6.98
S0339,C13,5.65
S0340,C10,6.43
S0340,C06,5.0
S0340,C03,5.3
S0340,C11,5.0
S0340,C14,6.95
S0340,C12,8.45
S0340,C17,5.0
S0341,C19,6.6
S0341,C12,6.72
S0341,C01,9.65
S0341,C07,7.49
S0341,C09,9.28
S0341,C17,6.68
S0342,C10,8.6
S0342,C15,9.03
S0342,C08,8.04
S0342,C14,10.0
S0342,C12,6.11
S0343,C07,5.35
S0343,C20,8.07
S0343,C04,6.96
S0343,C14,7.04
S0343,C19,6.98
S0344,C16,6.04
S0344,C05,6.14
S0344,C03,7.23
S0344,C01,5.95
S0344,C02,7.5
S0344,C15,6.85
S0344,C06,7.82
S0344,C07,6.38
S0345,C08,10.0
S0345,C07,7.99
S0345,C09,9.75
S0345,C17,7.8
S0345,C13,8.93
S0345,C11,9.47
S0345,C10,10.0
S0345,C04,9.8
S0346,C06,7.05
S0346,C01,6.58
S0346,C15,7.38
S0346,C19,7.91
S0346,C02,5.91
S0346,C11,8.67
S0347,C14,8.13
S0347,C17,8.42
S0347,C05,9.37
S0347,C11,9.97
S0347,C04,6.85
S0347,C09,9.21
S0347,C20,9.5
S0347,C19,8.08
S0348,C09,9.53
S0348,C13,6.96
S0348,C12,7.98
S0348,C02,7.09
S0348,C18,6.36
S0348,C04,6.52
S0348,C03,6.06
S0349,C06,7.5
S0349,C14,7.26
S0349,C11,7.22
S0349,C02,5.24
S0349,C15,8.67
S0350,C19,6.79
S0350,C04,6.16
S0350,C20,6.15
S0350,C08,6.27
S0350,C06,5.0
S0350,C09,5.0
S0350,C16,5.97
S0351,C13,5.31
S0351,C15,7.71
S0351,C17,7.93
S0351,C12,6.28
S0351,C06,7.17
S0351,C03,9.08
S0351,C10,5.0
S0351,C11,6.63
S0352,C18,7.64
S0352,C02,5.85
S0352,C13,6.7
S0352,C08,6.94
S0352,C03,6.02
S0352,C04,6.36
S0352,C20,7.83
S0353,C11,5.0
S0353,C17,6.53
S0353,C01,6.65
S0353,C10,6.62
S0353,C02,5.46
S0353,C19,7.2
S0353,C09,7.03
S0353,C12,6.25
S0354,C03,7.65
S0354,C02,5.5
S0354,C12,5.0
S0354,C18,7.62
S0354,C10,7.17
S0354,C05,6.69
S0354,C08,6.24
S0355,C20,8.66
S0355,C06,8.37
S0355,C11,5.8
S0355,C02,7.6
S0355,C18,5.0
S0355,C08,5.0
S0355,C15,5.57
S0355,C09,5.53
S0356,C05,10.0
S0356,C09,7.39
S0356,C04,6.3
S0356,C07,8.69
S0356,C02,7.33
S0357,C19,10.0
S0357,C03,5.22
S0357,C11,6.2
S0357,C04,6.01
S0357,C20,6.82
S0357,C15,7.49
S0357,C12,7.55
S0357,C05,5.86
S0357,C08,5.02
S0358,C04,7.87
S0358,C17,8.19
S0358,C10,7.08
S0358,C19,7.51
S0358,C12,7.56
S0358,C05,5.94
S0358,C03,7.48
S0359,C20,9.38
S0359,C16,8.42
S0359,C07,7.6
S0359,C12,9.88
S0359,C17,8.65
S0359,C02,9.07
S0359,C04,7.0
S0359,C08,6.42
S0359,C11,7.23
S0360,C14,5.64
S0360,C17,9.77
S0360,C10,10.0
S0360,C06,10.0
S0360,C05,9.22
S0360,C02,10.0
S0360,C09,8.81
S0360,C04,7.31
S0361,C20,6.02
S0361,C07,5.0
S0361,C06,5.0
S0361,C04,7.23
S0361,C03,7.26
S0361,C09,5.0
S0361,C17,6.19
S0361,C14,5.0
S0362,C07,8.98
S0362,C16,8.46
S0362,C13,8.23
S0362,C11,8.0
S0362,C19,9.07
S0362,C20,8.81
S0362,C04,8.65
S0363,C07,8.86
S0363,C20,9.96
S0363,C04,8.06
S0363,C11,8.79
S0363,C19,8.56
S0363,C12,10.0
S0363,C02,10.0
S0364,C15,5.42
S0364,C07,6.28
S0364,C02,8.84
S0364,C04,5.89
S0364,C18,5.13
S0364,C17,5.25
S0364,C16,6.12
S0365,C05,10.0
S0365,C20,10.0
S0365,C02,8.97
S0365,C01,8.83
S0365,C14,8.03
S0365,C15,9.15
S0365,C13,9.63
S0365,C16,7.65
S0366,C13,10.0
S0366,C18,8.84
S0366,C12,9.82
S0366,C05,7.65
S0366,C14,8.48
S0366,C01,10.0
S0366,C10,8.67
S0367,C03,6.55
S0367,C01,5.38
S0367,C02,5.0
S0367,C07,7.09
S0367,C08,7.58
S0367,C18,5.93
S0367,C12,6.4
S0367,C14,5.04
S0368,C14,6.92
S0368,C20,7.23
S0368,C10,6.85
S0368,C03,8.03
S0368,C13,5.98
S0368,C17,6.68
S0368,C18,6.38
S0368,C09,6.59
S0368,C15,7.31
S0369,C03,9.5
S0369,C19,10.0
S0369,C20,9.49
S0369,C17,9.64
S0369,C02,10.0
S0369,C16,9.43
S0369,C04,9.96
S0370,C15,9.14
S0370,C02,10.0
S0370,C18,8.88
S0370,C17,10.0
S0370,C04,10.0
S0370,C05,8.11
S0370,C16,9.31
S0371,C06,7.47
S0371,C05,7.96
S0371,C13,5.37
S0371,C19,6.71
S0371,C17,8.56
S0371,C07,7.52
S0371,C10,6.17
S0371,C09,6.17
S0371,C18,6.89
S0372,C15,5.27
S0372,C14,6.68
S0372,C02,6.74
S0372,C09,8.3
S0372,C07,7.7
S0373,C06,7.36
S0373,C16,5.26
S0373,C18,6.98
S0373,C03,7.36
S0373,C14,6.7
S0373,C08,5.68
S0373,C10,9.35
S0373,C17,7.05
S0373,C04,6.89
S0374,C12,7.25
S0374,C19,5.44
S0374,C20,5.5
S0374,C13,6.76
S0374,C02,8.13
S0374,C07,9.41
S0375,C17,10.0
S0375,C04,7.16
S0375,C10,8.56
S0375,C11,10.0
S0375,C02,8.14
S0375,C09,9.14
S0375,C15,7.07
S0375,C03,8.45
S0375,C20,7.73
S0376,C15,7.93
S0376,C03,7.34
S0376,C10,6.41
S0376,C16,7.05
S0376,C01,6.32
S0376,C04,8.43
S0376,C09,8.55
S0376,C12,6.56
S0376,C14,6.94
S0377,C14,6.6
S0377,C03,8.94
S0377,C18,8.31
S0377,C08,6.62
S0377,C04,7.48
S0377,C16,8.25
S0377,C17,7.62
S0377,C01,5.89
S0378,C17,6.94
S0378,C07,8.22
S0378,C20,9.24
S0378,C09,10.0
S0378,C18,10.0
S0378,C06,8.71
S0379,C20,5.0
S0379,C04,6.54
S0379,C05,5.0
S0379,C03,5.0
S0379,C09,5.0
S0379,C10,6.36
S0379,C13,5.0
S0379,C18,5.0
S0380,C12,6.29
S0380,C18,7.9
S0380,C01,7.82
S0380,C03,5.81
S0380,C02,7.23
S0380,C19,7.15
S0381,C18,9.63
S0381,C20,9.7
S0381,C19,7.54
S0381,C12,9.25
S0381,C03,9.91
S0381,C13,7.44
S0381,C16,9.6
S0381,C04,8.33
S0381,C07,9.0
S0382,C19,9.82
S0382,C05,8.51
S0382,C18,10.0
S0382,C17,9.5
S0382,C07,10.0
S0382,C04,10.0
S0382,C09,10.0
S0382,C14,10.0
S0382,C11,9.33
S0383,C02,7.83
S0383,C19,7.22
S0383,C13,6.44
S0383,C17,8.16
S0383,C16,8.67
S0384,C19,5.61
S0384,C20,6.48
S0384,C05,7.42
S0384,C15,8.81
S0384,C01,7.14
S0384,C11,8.95
S0384,C06,7.88
S0385,C03,7.21
S0385,C04,5.0
S0385,C15,5.0
S0385,C20,6.07
S0385,C05,5.0
S0386,C13,6.76
S0386,C01,8.12
S0386,C03,6.99
S0386,C15,8.43
S0386,C07,8.32
S0386,C04,10.0
S0386,C06,5.85
S0386,C02,8.86
S0386,C09,7.83
S0387,C01,9.13
S0387,C11,7.42
S0387,C06,8.52
S0387,C20,8.86
S0387,C17,7.06
S0387,C08,9.54
S0387,C03,9.93
S0387,C18,6.84
S0388,C14,7.53
S0388,C06,5.0
S0388,C12,5.0
S0388,C15,6.58
S0388,C04,6.38
S0388,C13,8.75
S0388,C10,6.45
S0388,C19,5.81
S0388,C18,6.21
S0389,C08,7.32
S0389,C17,7.82
S0389,C10,5.71
S0389,C18,5.0
S0389,C11,5.28
S0390,C06,6.03
S0390,C12,8.21
S0390,C13,8.77
S0390,C15,6.81
S0390,C03,8.02
S0390,C01,7.08
S0390,C17,7.87
S0390,C09,5.23
S0390,C07,5.64
S0391,C14,5.0
S0391,C11,5.16
S0391,C12,5.71
S0391,C16,6.12
S0391,C13,5.21
S0391,C02,7.71
S0392,C20,8.45
S0392,C03,8.94
S0392,C04,6.4
S0392,C13,7.54
S0392,C10,7.58
S0393,C14,6.3
S0393,C04,6.78
S0393,C03,7.38
S0393,C05,5.54
S0393,C15,7.56
S0393,C11,8.11
S0394,C08,5.65
S0394,C05,6.92
S0394,C02,6.55
S0394,C01,7.87
S0394,C15,8.38
S0394,C03,5.78
S0395,C04,6.74
S0395,C15,7.45
S0395,C03,6.59
S0395,C10,7.65
S0395,C07,6.31
S0396,C03,8.45
S0396,C15,8.59
S0396,C11,8.24
S0396,C04,8.56
S0396,C18,6.6
S0396,C06,9.99
S0396,C05,10.0
S0396,C08,9.6
S0397,C16,10.0
S0397,C08,9.49
S0397,C14,9.27
S0397,C12,8.51
S0397,C15,8.88
S0397,C17,8.28
S0398,C15,9.73
S0398,C05,9.28
S0398,C18,7.06
S0398,C11,7.91
S0398,C10,6.91
S0398,C16,7.27
S0398,C09,9.79
S0398,C13,7.23
S0399,C05,10.0
S0399,C08,6.91
S0399,C20,10.0
S0399,C07,8.88
S0399,C02,10.0
S0399,C15,10.0
S0399,C10,9.09
S0400,C05,9.15
S0400,C08,7.58
S0400,C07,8.63
S0400,C18,7.8
S0400,C14,6.01
S0400,C03,8.1
S0401,C01,6.78
S0401,C14,5.51
S0401,C09,6.28
S0401,C06,5.0
S0401,C11,5.79
S0401,C12,6.98
S0401,C02,7.26
S0401,C10,5.0
S0401,C08,5.14
S0402,C14,9.08
S0402,C01,7.46
S0402,C08,8.63
S0402,C16,9.46
S0402,C19,7.41
S0402,C09,7.64
S0402,C17,7.08
S0402,C12,7.85
S0403,C06,6.35
S0403,C05,7.62
S0403,C03,8.84
S0403,C18,6.45
S0403,C02,8.46
S0404,C05,7.69
S0404,C12,9.81
S0404,C08,10.0
S0404,C04,9.93
S0404,C17,8.52
S0404,C06,8.36
S0404,C10,8.43
S0405,C10,8.09
S0405,C03,9.37
S0405,C01,8.07
S0405,C17,6.84
S0405,C15,5.0
S0406,C05,5.0
S0406,C11,5.0
S0406,C15,6.5
S0406,C08,5.0
S0406,C13,5.7
S0406,C01,5.01
S0406,C12,5.72
S0406,C10,6.23
S0407,C20,7.92
S0407,C02,6.44
S0407,C13,6.0
S0407,C05,5.84
S0407,C15,6.67
S0407,C17,9.08
S0408,C02,6.55
S0408,C01,6.04
S0408,C07,7.48
S0408,C12,7.68
S0408,C06,6.97
S0408,C17,7.37
S0408,C13,8.09
S0408,C15,7.25
S0408,C09,5.9
S0409,C12,10.0
S0409,C07,9.3
S0409,C04,8.71
S0409,C14,8.18
S0409,C11,7.99
S0409,C19,8.58
S0410,C18,9.08
S0410,C08,9.43
S0410,C13,8.23
S0410,C20,7.6
S0410,C02,7.31
S0411,C08,6.19
S0411,C10,8.1
S0411,C09,7.31
S0411,C12,7.75
S0411,C15,8.6
S0412,C03,10.0
S0412,C02,10.0
S0412,C15,10.0
S0412,C09,8.77
S0412,C16,10.0
S0412,C08,10.0
S0412,C05,9.51
S0412,C11,10.0
S0413,C07,9.76
S0413,C19,7.05
S0413,C11,8.26
S0413,C04,7.68
S0413,C17,7.54
S0413,C08,7.55
S0413,C13,7.98
S0414,C03,5.61
S0414,C11,5.86
S0414,C05,6.64
S0414,C08,6.19
S0414,C10,5.94
S0414,C01,5.0
S0414,C14,7.34
S0414,C19,8.15
S0414,C16,6.41
S0415,C14,7.11
S0415,C09,7.04
S0415,C19,7.27
S0415,C15,5.26
S0415,C02,5.0
S0416,C07,6.06
S0416,C17,5.45
S0416,C05,5.5
S0416,C09,7.86
S0416,C19,6.36
S0416,C06,5.12
S0416,C20,5.82
S0417,C10,6.47
S0417,C05,7.02
S0417,C13,6.84
S0417,C16,7.32
S0417,C04,7.03
S0417,C14,6.81
S0418,C10,6.72
S0418,C12,6.32
S0418,C09,5.37
S0418,C08,7.99
S0418,C01,5.55
S0418,C05,6.54
S0418,C17,6.81
S0418,C18,5.0
S0419,C05,5.0
S0419,C03,6.66
S0419,C20,6.78
S0419,C14,6.89
S0419,C10,6.65
S0419,C01,9.33
S0419,C15,7.39
S0420,C04,7.45
S0420,C05,6.59
S0420,C17,7.27
S0420,C12,5.65
S0420,C18,7.27
S0420,C13,5.57
S0420,C11,7.66
S0421,C08,5.01
S0421,C09,7.01
S0421,C07,5.55
S0421,C18,8.24
S0421,C14,6.68
S0421,C11,5.0
S0422,C19,9.7
S0422,C02,9.67
S0422,C14,10.0
S0422,C11,9.03
S0422,C04,10.0
S0423,C12,5.63
S0423,C11,5.57
S0423,C15,5.91
S0423,C14,5.0
S0423,C10,5.08
S0423,C08,7.21
S0424,C19,9.26
S0424,C11,8.37
S0424,C07,8.51
S0424,C13,9.38
S0424,C16,8.84
S0424,C17,7.14
S0424,C05,9.43
S0424,C09,9.34
S0425,C13,7.79
S0425,C03,8.12
S0425,C11,7.15
S0425,C10,7.43
S0425,C17,6.56
S0425,C05,6.78
S0425,C18,8.8
S0426,C14,10.0
S0426,C19,10.0
S0426,C18,10.0
S0426,C12,10.0
S0426,C03,10.0
S0427,C19,5.97
S0427,C09,5.73
S0427,C05,7.28
S0427,C02,5.0
S0427,C11,5.19
S0428,C05,7.95
S0428,C16,8.18
S0428,C07,6.58
S0428,C03,6.92
S0428,C18,6.98
S0428,C12,8.96
S0428,C10,5.78
S0428,C14,8.37
S0429,C16,10.0
S0429,C05,10.0
S0429,C12,9.65
S0429,C04,10.0
S0429,C03,9.65
S0429,C18,8.03
S0430,C12,9.49
S0430,C10,9.52
S0430,C05,10.0
S0430,C03,10.0
S0430,C09,9.53
S0430,C19,10.0
S0430,C11,9.09
S0431,C20,7.78
S0431,C06,8.84
S0431,C04,9.48
S0431,C09,9.53
S0431,C11,9.95
S0432,C09,6.33
S0432,C07,6.65
S0432,C19,7.36
S0432,C06,5.96
S0432,C03,6.64
S0432,C12,6.87
S0432,C05,6.23
S0432,C02,7.45
S0433,C12,6.53
S0433,C02,6.82
S0433,C07,7.76
S0433,C09,5.0
S0433,C16,7.83
S0433,C06,6.61
S0433,C03,6.27
S0434,C06,7.36
S0434,C10,8.65
S0434,C04,10.0
S0434,C02,8.75
S0434,C13,10.0
S0434,C18,8.73
S0434,C12,7.71
S0434,C11,10.0
S0434,C07,10.0
S0435,C13,10.0
S0435,C15,8.78
S0435,C01,9.61
S0435,C08,10.0
S0435,C07,8.48
S0435,C19,10.0
S0436,C09,8.42
S0436,C01,10.0
S0436,C12,9.11
S0436,C08,8.43
S0436,C19,8.46
S0436,C04,6.42
S0436,C15,8.1
S0436,C20,8.77
S0437,C08,9.39
S0437,C02,8.87
S0437,C15,8.8
S0437,C01,8.04
S0437,C12,7.51
S0437,C10,10.0
S0437,C07,8.77
S0437,C13,10.0
S0438,C06,7.65
S0438,C11,7.11
S0438,C04,6.95
S0438,C01,7.53
S0438,C08,5.65
S0438,C15,7.09
S0439,C06,8.52
S0439,C15,10.0
S0439,C03,10.0
S0439,C12,6.84
S0439,C05,7.51
S0440,C07,5.5
S0440,C11,7.54
S0440,C20,7.01
S0440,C05,7.38
S0440,C15,6.13
S0440,C17,5.03
S0440,C18,6.89
S0441,C01,7.57
S0441,C16,6.63
S0441,C18,5.0
S0441,C15,8.53
S0441,C06,8.17
S0442,C16,6.66
S0442,C11,6.35
S0442,C20,6.0
S0442,C10,7.85
S0442,C09,7.87
S0442,C15,7.46
S0443,C18,5.88
S0443,C08,7.8
S0443,C07,7.06
S0443,C06,7.23
S0443,C09,6.52
S0443,C15,6.4
S0443,C12,8.24
S0443,C17,9.69
S0444,C02,5.18
S0444,C15,6.71
S0444,C16,6.87
S0444,C14,6.33
S0444,C01,8.85
S0444,C07,7.42
S0444,C03,7.13
S0444,C13,6.3
S0445,C16,7.4
S0445,C18,5.68
S0445,C17,6.49
S0445,C13,5.71
S0445,C05,6.18
S0445,C08,6.76
S0445,C01,5.17
S0446,C16,9.83
S0446,C08,6.67
S0446,C11,7.29
S0446,C10,8.1
S0446,C14,8.49
S0446,C19,7.69
S0446,C20,8.99
S0446,C05,8.74
S0446,C12,7.95
S0447,C03,5.47
S0447,C09,7.56
S0447,C19,5.0
S0447,C12,5.0
S0447,C06,7.68
S0448,C13,10.0
S0448,C10,6.43
S0448,C01,7.16
S0448,C08,9.43
S0448,C20,8.04
S0448,C11,8.79
S0448,C05,9.96
S0448,C06,7.22
S0449,C20,8.12
S0449,C01,5.98
S0449,C02,5.93
S0449,C19,6.54
S0449,C10,5.0
S0449,C11,7.06
S0449,C13,7.02
S0449,C06,8.15
S0449,C05,7.63
S0450,C15,6.64
S0450,C19,7.83
S0450,C02,7.94
S0450,C07,7.42
S0450,C01,7.22
S0450,C09,9.07
S0450,C06,10.0
S0450,C10,7.92
S0450,C11,7.53
S0451,C08,8.29
S0451,C13,7.31
S0451,C12,9.21
S0451,C20,6.97
S0451,C11,8.8
S0451,C04,6.93
S0452,C11,8.4
S0452,C12,6.42
S0452,C16,6.3
S0452,C13,5.39
S0452,C02,7.02
S0452,C04,7.12
S0452,C09,5.03
S0452,C07,7.21
S0453,C13,8.1
S0453,C03,7.27
S0453,C15,5.97
S0453,C10,7.4
S0453,C14,6.61
S0454,C09,5.38
S0454,C04,5.0
S0454,C16,5.0
S0454,C10,5.97
S0454,C06,6.81
S0454,C07,5.24
S0454,C20,5.01
S0454,C17,6.14
S0454,C14,7.94
S0455,C20,6.45
S0455,C09,5.27
S0455,C08,5.0
S0455,C16,5.03
S0455,C07,5.71
S0455,C10,5.4
S0455,C04,5.37
S0455,C01,5.61
S0455,C17,5.0
S0456,C01,10.0
S0456,C14,10.0
S0456,C16,9.57
S0456,C15,9.38
S0456,C02,9.87
S0456,C10,10.0
S0456,C09,9.18
S0457,C15,6.08
S0457,C05,6.47
S0457,C01,6.17
S0457,C09,7.25
S0457,C03,8.49
S0457,C17,6.1
S0458,C13,9.68
S0458,C07,10.0
S0458,C06,8.06
S0458,C11,10.0
S0458,C05,10.0
S0459,C04,7.12
S0459,C19,6.6
S0459,C14,6.83
S0459,C16,6.51
S0459,C10,5.06
S0459,C12,5.33
S0460,C19,7.86
S0460,C13,9.32
S0460,C02,9.86
S0460,C14,8.72
S0460,C07,8.0
S0460,C20,8.3
S0460,C18,8.06
S0461,C04,9.7
S0461,C16,9.63
S0461,C19,8.57
S0461,C10,10.0
S0461,C07,9.12
S0461,C09,9.19
S0461,C14,10.0
S0461,C02,8.36
S0462,C11,9.18
S0462,C08,8.71
S0462,C20,7.78
S0462,C12,10.0
S0462,C13,9.94
S0462,C16,7.31
S0463,C19,8.53
S0463,C16,6.61
S0463,C08,9.06
S0463,C04,8.18
S0463,C18,7.54
S0464,C12,5.96
S0464,C07,6.78
S0464,C16,8.01
S0464,C15,7.84
S0464,C08,7.3
S0464,C18,6.79
S0464,C10,7.13
S0464,C03,8.23
S0465,C10,7.7
S0465,C03,8.91
S0465,C06,7.39
S0465,C16,8.06
S0465,C17,6.39
S0465,C08,6.23
S0465,C18,7.96
S0465,C05,7.9
S0466,C20,9.62
S0466,C07,10.0
S0466,C01,10.0
S0466,C19,8.97
S0466,C18,8.99
S0466,C09,9.88
S0466,C10,10.0
S0466,C02,10.0
S0467,C07,9.22
S0467,C09,7.92
S0467,C13,8.5
S0467,C05,8.73
S0467,C03,8.02
S0468,C20,10.0
S0468,C09,9.46
S0468,C11,8.63
S0468,C18,9.18
S0468,C06,10.0
S0468,C12,8.49
S0468,C07,10.0
S0468,C03,10.0
S0469,C16,6.84
S0469,C18,7.63
S0469,C19,6.86
S0469,C11,5.89
S0469,C08,5.1
S0469,C17,6.09
S0470,C09,10.0
S0470,C20,9.88
S0470,C14,10.0
S0470,C02,9.23
S0470,C18,8.35
S0470,C19,9.19
S0471,C09,10.0
S0471,C02,8.88
S0471,C20,9.97
S0471,C17,10.0
S0471,C10,9.3
S0471,C01,8.9
S0471,C07,9.81
S0471,C16,9.42
S0471,C06,9.97
S0472,C04,6.73
S0472,C11,6.37
S0472,C16,7.22
S0472,C13,5.0
S0472,C01,8.23
S0472,C02,5.63
S0472,C17,5.15
S0473,C14,7.99
S0473,C03,5.85
S0473,C19,5.0
S0473,C15,6.05
S0473,C13,5.0
S0473,C02,5.0
S0473,C05,6.38
S0473,C04,5.0
S0474,C01,10.0
S0474,C08,9.61
S0474,C03,8.3
S0474,C07,8.16
S0474,C02,9.01
S0474,C20,7.68
S0475,C12,8.11
S0475,C07,8.41
S0475,C18,9.57
S0475,C20,7.46
S0475,C15,6.34
S0476,C05,10.0
S0476,C20,10.0
S0476,C09,7.92
S0476,C14,10.0
S0476,C11,9.09
S0476,C06,9.6
S0477,C15,6.19
S0477,C12,6.63
S0477,C16,6.47
S0477,C14,6.19
S0477,C20,7.12
S0477,C08,6.04
S0478,C10,9.59
S0478,C08,8.2
S0478,C16,10.0
S0478,C14,10.0
S0478,C03,9.97
S0478,C11,10.0
S0478,C05,9.05
S0478,C19,8.61
S0479,C16,5.92
S0479,C02,5.29
S0479,C11,7.97
S0479,C19,6.93
S0479,C07,5.0
S0479,C03,7.19
S0479,C06,7.92
S0479,C13,5.0
S0479,C10,7.11
S0480,C20,7.23
S0480,C10,5.51
S0480,C11,5.25
S0480,C01,6.69
S0480,C19,6.33
S0480,C17,5.63
S0480,C16,7.21
S0480,C05,5.61
S0481,C12,5.5
S0481,C13,5.91
S0481,C03,5.64
S0481,C04,6.4
S0481,C06,6.43
S0481,C11,6.86
S0482,C07,10.0
S0482,C20,9.95
S0482,C03,10.0
S0482,C04,10.0
S0482,C10,7.59
S0482,C05,7.46
S0482,C19,9.56
S0482,C02,9.03
S0483,C12,9.49
S0483,C16,10.0
S0483,C13,7.58
S0483,C05,6.33
S0483,C08,8.09
S0483,C18,7.74
S0483,C03,10.0
S0483,C06,7.46
S0484,C01,8.79
S0484,C09,8.32
S0484,C02,8.26
S0484,C14,7.14
S0484,C17,7.09
S0484,C06,8.26
S0485,C06,9.67
S0485,C11,7.95
S0485,C12,5.95
S0485,C20,7.19
S0485,C18,8.67
S0486,C20,8.56
S0486,C15,8.96
S0486,C01,9.26
S0486,C16,9.32
S0486,C19,9.32
S0486,C04,10.0
S0486,C10,9.59
S0486,C11,9.62
S0487,C13,9.39
S0487,C11,6.03
S0487,C08,7.39
S0487,C07,7.13
S0487,C12,7.05
S0487,C05,5.57
S0487,C18,5.03
S0487,C06,6.67
S0488,C10,10.0
S0488,C12,8.64
S0488,C05,10.0
S0488,C03,9.14
S0488,C20,10.0
S0488,C09,9.78
S0488,C04,10.0
S0488,C01,10.0
S0488,C17,8.76
S0489,C16,6.14
S0489,C01,8.04
S0489,C12,7.13
S0489,C07,8.05
S0489,C18,7.89
S0490,C13,7.66
S0490,C12,6.96
S0490,C06,9.66
S0490,C18,6.27
S0490,C10,6.26
S0490,C08,6.48
S0491,C04,7.67
S0491,C15,7.16
S0491,C18,6.68
S0491,C13,8.52
S0491,C05,7.7
S0491,C14,6.61
S0491,C10,10.0
S0492,C09,5.59
S0492,C04,5.69
S0492,C06,5.32
S0492,C12,6.95
S0492,C11,6.69
S0492,C15,6.36
S0492,C05,7.32
S0492,C16,7.74
S0492,C19,5.0
S0493,C11,8.14
S0493,C09,9.49
S0493,C17,9.11
S0493,C16,9.97
S0493,C07,8.99
S0494,C18,10.0
S0494,C10,7.78
S0494,C15,6.57
S0494,C12,7.56
S0494,C16,8.73
S0494,C09,6.8
S0495,C04,5.72
S0495,C06,5.0
S0495,C11,5.03
S0495,C07,6.12
S0495,C08,7.09
S0495,C17,8.84
S0496,C08,9.91
S0496,C11,10.0
S0496,C13,7.44
S0496,C09,10.0
S0496,C05,10.0
S0497,C02,6.61
S0497,C16,7.73
S0497,C20,6.88
S0497,C09,7.92
S0497,C17,7.42
S0498,C18,6.76
S0498,C11,9.3
S0498,C20,7.59
S0498,C06,6.45
S0498,C15,7.43
S0498,C12,8.01
S0498,C19,8.08
S0498,C16,5.46
S0498,C14,6.05
S0499,C10,10.0
S0499,C03,8.68
S0499,C13,9.55
S0499,C05,10.0
S0499,C16,10.0
S0500,C19,8.71
S0500,C15,10.0
S0500,C10,6.9
S0500,C08,9.38
S0500,C03,9.21
